date,nom,tmax
2000-06-01,PARIS-MONTSOURIS,25
2000-06-02,PARIS-MONTSOURIS,26
2000-06-03,PARIS-MONTSOURIS,27
2000-06-04,PARIS-MONTSOURIS,28
2000-06-05,PARIS-MONTSOURIS,29
2000-06-06,PARIS-MONTSOURIS,30
2000-06-07,PARIS-MONTSOURIS,31
2000-06-08,PARIS-MONTSOURIS,32
2000-06-09,PARIS-MONTSOURIS,33
2000-06-10,PARIS-MONTSOURIS,34
2000-06-11,PARIS-MONTSOURIS,35
2000-06-12,PARIS-MONTSOURIS,36
2000-06-13,PARIS-MONTSOURIS,37
2000-06-14,PARIS-MONTSOURIS,38
2000-06-15,PARIS-MONTSOURIS,39
2000-06-16,PARIS-MONTSOURIS,25
2000-06-17,PARIS-MONTSOURIS,26
2000-06-18,PARIS-MONTSOURIS,27
2000-06-19,PARIS-MONTSOURIS,28
2001-06-01,PARIS-MONTSOURIS,34
2001-06-02,PARIS-MONTSOURIS,30
2001-06-03,PARIS-MONTSOURIS,29
2001-06-04,PARIS-MONTSOURIS,26
2001-06-05,PARIS-MONTSOURIS,28
2001-06-06,PARIS-MONTSOURIS,27
2001-06-07,PARIS-MONTSOURIS,37
2001-06-08,PARIS-MONTSOURIS,26
2001-06-09,PARIS-MONTSOURIS,37
2001-06-10,PARIS-MONTSOURIS,37
2001-06-11,PARIS-MONTSOURIS,32
2001-06-12,PARIS-MONTSOURIS,27
2001-06-13,PARIS-MONTSOURIS,27
2001-06-14,PARIS-MONTSOURIS,40
2001-06-15,PARIS-MONTSOURIS,40
2001-06-16,PARIS-MONTSOURIS,27
2001-06-17,PARIS-MONTSOURIS,28
2001-06-18,PARIS-MONTSOURIS,30
2001-06-19,PARIS-MONTSOURIS,34
2001-06-20,PARIS-MONTSOURIS,37
2001-06-21,PARIS-MONTSOURIS,35
2001-06-22,PARIS-MONTSOURIS,35
2001-06-23,PARIS-MONTSOURIS,32
2001-06-24,PARIS-MONTSOURIS,28
2001-06-25,PARIS-MONTSOURIS,39
2001-06-26,PARIS-MONTSOURIS,36
2001-06-27,PARIS-MONTSOURIS,37
2001-06-28,PARIS-MONTSOURIS,36
2001-06-29,PARIS-MONTSOURIS,36
2001-06-30,PARIS-MONTSOURIS,29
2001-07-01,PARIS-MONTSOURIS,29
2001-07-02,PARIS-MONTSOURIS,27
2001-07-03,PARIS-MONTSOURIS,31
2001-07-04,PARIS-MONTSOURIS,31
2001-07-05,PARIS-MONTSOURIS,39
2001-07-06,PARIS-MONTSOURIS,39
2001-07-07,PARIS-MONTSOURIS,33
2001-07-08,PARIS-MONTSOURIS,29
2001-07-09,PARIS-MONTSOURIS,26
2001-07-10,PARIS-MONTSOURIS,39
2001-07-11,PARIS-MONTSOURIS,27
2001-07-12,PARIS-MONTSOURIS,35
2001-07-13,PARIS-MONTSOURIS,31
2001-07-14,PARIS-MONTSOURIS,32
2001-07-15,PARIS-MONTSOURIS,40
2001-07-16,PARIS-MONTSOURIS,33
2001-07-17,PARIS-MONTSOURIS,35
2001-07-18,PARIS-MONTSOURIS,34
2001-07-19,PARIS-MONTSOURIS,34
2001-07-20,PARIS-MONTSOURIS,26
2001-07-21,PARIS-MONTSOURIS,26
2001-07-22,PARIS-MONTSOURIS,34
2001-07-23,PARIS-MONTSOURIS,29
2001-07-24,PARIS-MONTSOURIS,31
2001-07-25,PARIS-MONTSOURIS,37
2001-07-26,PARIS-MONTSOURIS,35
2001-07-27,PARIS-MONTSOURIS,33
2001-07-28,PARIS-MONTSOURIS,40
2001-07-29,PARIS-MONTSOURIS,32
2001-07-30,PARIS-MONTSOURIS,25
2002-06-01,PARIS-MONTSOURIS,32
2002-06-02,PARIS-MONTSOURIS,38
2002-06-03,PARIS-MONTSOURIS,37
2002-06-04,PARIS-MONTSOURIS,31
2002-06-05,PARIS-MONTSOURIS,39
2002-06-06,PARIS-MONTSOURIS,40
2002-06-07,PARIS-MONTSOURIS,33
2002-06-08,PARIS-MONTSOURIS,27
2002-06-09,PARIS-MONTSOURIS,39
2002-06-10,PARIS-MONTSOURIS,25
2002-06-11,PARIS-MONTSOURIS,39
2002-06-12,PARIS-MONTSOURIS,35
2002-06-13,PARIS-MONTSOURIS,38
2002-06-14,PARIS-MONTSOURIS,34
2002-06-15,PARIS-MONTSOURIS,36
2002-06-16,PARIS-MONTSOURIS,29
2002-06-17,PARIS-MONTSOURIS,28
2002-06-18,PARIS-MONTSOURIS,37
2002-06-19,PARIS-MONTSOURIS,30
2002-06-20,PARIS-MONTSOURIS,29
2002-06-21,PARIS-MONTSOURIS,28
2002-06-22,PARIS-MONTSOURIS,36
2002-06-23,PARIS-MONTSOURIS,36
2002-06-24,PARIS-MONTSOURIS,32
2002-06-25,PARIS-MONTSOURIS,30
2002-06-26,PARIS-MONTSOURIS,32
2002-06-27,PARIS-MONTSOURIS,36
2002-06-28,PARIS-MONTSOURIS,34
2002-06-29,PARIS-MONTSOURIS,27
2002-06-30,PARIS-MONTSOURIS,33
2002-07-01,PARIS-MONTSOURIS,29
2002-07-02,PARIS-MONTSOURIS,39
2002-07-03,PARIS-MONTSOURIS,37
2002-07-04,PARIS-MONTSOURIS,37
2002-07-05,PARIS-MONTSOURIS,25
2002-07-06,PARIS-MONTSOURIS,35
2002-07-07,PARIS-MONTSOURIS,26
2002-07-08,PARIS-MONTSOURIS,37
2002-07-09,PARIS-MONTSOURIS,28
2002-07-10,PARIS-MONTSOURIS,28
2002-07-11,PARIS-MONTSOURIS,25
2002-07-12,PARIS-MONTSOURIS,30
2002-07-13,PARIS-MONTSOURIS,36
2002-07-14,PARIS-MONTSOURIS,26
2002-07-15,PARIS-MONTSOURIS,40
2002-07-16,PARIS-MONTSOURIS,37
2002-07-17,PARIS-MONTSOURIS,30
2002-07-18,PARIS-MONTSOURIS,37
2002-07-19,PARIS-MONTSOURIS,32
2002-07-20,PARIS-MONTSOURIS,36
2002-07-21,PARIS-MONTSOURIS,26
2002-07-22,PARIS-MONTSOURIS,36
2002-07-23,PARIS-MONTSOURIS,32
2002-07-24,PARIS-MONTSOURIS,29
2002-07-25,PARIS-MONTSOURIS,26
2002-07-26,PARIS-MONTSOURIS,25
2002-07-27,PARIS-MONTSOURIS,40
2002-07-28,PARIS-MONTSOURIS,30
2002-07-29,PARIS-MONTSOURIS,26
2002-07-30,PARIS-MONTSOURIS,34
2003-06-01,PARIS-MONTSOURIS,36
2003-06-02,PARIS-MONTSOURIS,39
2003-06-03,PARIS-MONTSOURIS,31
2003-06-04,PARIS-MONTSOURIS,38
2003-06-05,PARIS-MONTSOURIS,32
2003-06-06,PARIS-MONTSOURIS,36
2003-06-07,PARIS-MONTSOURIS,28
2003-06-08,PARIS-MONTSOURIS,33
2003-06-09,PARIS-MONTSOURIS,36
2003-06-10,PARIS-MONTSOURIS,35
2003-06-11,PARIS-MONTSOURIS,28
2003-06-12,PARIS-MONTSOURIS,39
2003-06-13,PARIS-MONTSOURIS,30
2003-06-14,PARIS-MONTSOURIS,34
2003-06-15,PARIS-MONTSOURIS,31
2003-06-16,PARIS-MONTSOURIS,26
2003-06-17,PARIS-MONTSOURIS,35
2003-06-18,PARIS-MONTSOURIS,27
2003-06-19,PARIS-MONTSOURIS,31
2003-06-20,PARIS-MONTSOURIS,31
2003-06-21,PARIS-MONTSOURIS,32
2003-06-22,PARIS-MONTSOURIS,26
2003-06-23,PARIS-MONTSOURIS,27
2003-06-24,PARIS-MONTSOURIS,29
2003-06-25,PARIS-MONTSOURIS,28
2003-06-26,PARIS-MONTSOURIS,29
2003-06-27,PARIS-MONTSOURIS,40
2003-06-28,PARIS-MONTSOURIS,37
2003-06-29,PARIS-MONTSOURIS,35
2003-06-30,PARIS-MONTSOURIS,39
2003-07-01,PARIS-MONTSOURIS,28
2003-07-02,PARIS-MONTSOURIS,28
2003-07-03,PARIS-MONTSOURIS,28
2003-07-04,PARIS-MONTSOURIS,26
2003-07-05,PARIS-MONTSOURIS,40
2003-07-06,PARIS-MONTSOURIS,27
2003-07-07,PARIS-MONTSOURIS,28
2003-07-08,PARIS-MONTSOURIS,29
2003-07-09,PARIS-MONTSOURIS,40
2003-07-10,PARIS-MONTSOURIS,33
2003-07-11,PARIS-MONTSOURIS,31
2003-07-12,PARIS-MONTSOURIS,36
2003-07-13,PARIS-MONTSOURIS,29
2003-07-14,PARIS-MONTSOURIS,35
2003-07-15,PARIS-MONTSOURIS,35
2003-07-16,PARIS-MONTSOURIS,34
2003-07-17,PARIS-MONTSOURIS,30
2003-07-18,PARIS-MONTSOURIS,34
2003-07-19,PARIS-MONTSOURIS,27
2003-07-20,PARIS-MONTSOURIS,38
2003-07-21,PARIS-MONTSOURIS,36
2003-07-22,PARIS-MONTSOURIS,40
2003-07-23,PARIS-MONTSOURIS,35
2003-07-24,PARIS-MONTSOURIS,36
2003-07-25,PARIS-MONTSOURIS,30
2003-07-26,PARIS-MONTSOURIS,25
2003-07-27,PARIS-MONTSOURIS,31
2003-07-28,PARIS-MONTSOURIS,28
2003-07-29,PARIS-MONTSOURIS,25
2003-07-30,PARIS-MONTSOURIS,33
2004-06-01,PARIS-MONTSOURIS,29
2004-06-02,PARIS-MONTSOURIS,40
2004-06-03,PARIS-MONTSOURIS,29
2004-06-04,PARIS-MONTSOURIS,26
2004-06-05,PARIS-MONTSOURIS,30
2004-06-06,PARIS-MONTSOURIS,31
2004-06-07,PARIS-MONTSOURIS,27
2004-06-08,PARIS-MONTSOURIS,33
2004-06-09,PARIS-MONTSOURIS,33
2004-06-10,PARIS-MONTSOURIS,37
2004-06-11,PARIS-MONTSOURIS,25
2004-06-12,PARIS-MONTSOURIS,40
2004-06-13,PARIS-MONTSOURIS,31
2004-06-14,PARIS-MONTSOURIS,34
2004-06-15,PARIS-MONTSOURIS,36
2004-06-16,PARIS-MONTSOURIS,29
2004-06-17,PARIS-MONTSOURIS,34
2004-06-18,PARIS-MONTSOURIS,32
2004-06-19,PARIS-MONTSOURIS,32
2004-06-20,PARIS-MONTSOURIS,34
2004-06-21,PARIS-MONTSOURIS,26
2004-06-22,PARIS-MONTSOURIS,26
2004-06-23,PARIS-MONTSOURIS,33
2004-06-24,PARIS-MONTSOURIS,40
2004-06-25,PARIS-MONTSOURIS,38
2004-06-26,PARIS-MONTSOURIS,35
2004-06-27,PARIS-MONTSOURIS,34
2004-06-28,PARIS-MONTSOURIS,31
2004-06-29,PARIS-MONTSOURIS,26
2004-06-30,PARIS-MONTSOURIS,30
2004-07-01,PARIS-MONTSOURIS,35
2004-07-02,PARIS-MONTSOURIS,30
2004-07-03,PARIS-MONTSOURIS,32
2004-07-04,PARIS-MONTSOURIS,29
2004-07-05,PARIS-MONTSOURIS,28
2004-07-06,PARIS-MONTSOURIS,36
2004-07-07,PARIS-MONTSOURIS,38
2004-07-08,PARIS-MONTSOURIS,32
2004-07-09,PARIS-MONTSOURIS,35
2004-07-10,PARIS-MONTSOURIS,29
2004-07-11,PARIS-MONTSOURIS,33
2004-07-12,PARIS-MONTSOURIS,30
2004-07-13,PARIS-MONTSOURIS,31
2004-07-14,PARIS-MONTSOURIS,29
2004-07-15,PARIS-MONTSOURIS,39
2004-07-16,PARIS-MONTSOURIS,26
2004-07-17,PARIS-MONTSOURIS,30
2004-07-18,PARIS-MONTSOURIS,37
2004-07-19,PARIS-MONTSOURIS,34
2004-07-20,PARIS-MONTSOURIS,32
2004-07-21,PARIS-MONTSOURIS,33
2004-07-22,PARIS-MONTSOURIS,26
2004-07-23,PARIS-MONTSOURIS,38
2004-07-24,PARIS-MONTSOURIS,33
2004-07-25,PARIS-MONTSOURIS,37
2004-07-26,PARIS-MONTSOURIS,39
2004-07-27,PARIS-MONTSOURIS,33
2004-07-28,PARIS-MONTSOURIS,34
2004-07-29,PARIS-MONTSOURIS,40
2004-07-30,PARIS-MONTSOURIS,39
2005-06-01,PARIS-MONTSOURIS,31
2005-06-02,PARIS-MONTSOURIS,30
2005-06-03,PARIS-MONTSOURIS,36
2005-06-04,PARIS-MONTSOURIS,26
2005-06-05,PARIS-MONTSOURIS,31
2005-06-06,PARIS-MONTSOURIS,28
2005-06-07,PARIS-MONTSOURIS,27
2005-06-08,PARIS-MONTSOURIS,33
2005-06-09,PARIS-MONTSOURIS,38
2005-06-10,PARIS-MONTSOURIS,34
2005-06-11,PARIS-MONTSOURIS,31
2005-06-12,PARIS-MONTSOURIS,31
2005-06-13,PARIS-MONTSOURIS,25
2005-06-14,PARIS-MONTSOURIS,32
2005-06-15,PARIS-MONTSOURIS,32
2005-06-16,PARIS-MONTSOURIS,38
2005-06-17,PARIS-MONTSOURIS,28
2005-06-18,PARIS-MONTSOURIS,37
2005-06-19,PARIS-MONTSOURIS,31
2005-06-20,PARIS-MONTSOURIS,40
2005-06-21,PARIS-MONTSOURIS,31
2005-06-22,PARIS-MONTSOURIS,36
2005-06-23,PARIS-MONTSOURIS,34
2005-06-24,PARIS-MONTSOURIS,35
2005-06-25,PARIS-MONTSOURIS,27
2005-06-26,PARIS-MONTSOURIS,31
2005-06-27,PARIS-MONTSOURIS,33
2005-06-28,PARIS-MONTSOURIS,32
2005-06-29,PARIS-MONTSOURIS,25
2005-06-30,PARIS-MONTSOURIS,34
2005-07-01,PARIS-MONTSOURIS,34
2005-07-02,PARIS-MONTSOURIS,31
2005-07-03,PARIS-MONTSOURIS,26
2005-07-04,PARIS-MONTSOURIS,25
2005-07-05,PARIS-MONTSOURIS,37
2005-07-06,PARIS-MONTSOURIS,39
2005-07-07,PARIS-MONTSOURIS,25
2005-07-08,PARIS-MONTSOURIS,34
2005-07-09,PARIS-MONTSOURIS,36
2005-07-10,PARIS-MONTSOURIS,26
2005-07-11,PARIS-MONTSOURIS,27
2005-07-12,PARIS-MONTSOURIS,26
2005-07-13,PARIS-MONTSOURIS,40
2005-07-14,PARIS-MONTSOURIS,40
2005-07-15,PARIS-MONTSOURIS,39
2005-07-16,PARIS-MONTSOURIS,36
2005-07-17,PARIS-MONTSOURIS,39
2005-07-18,PARIS-MONTSOURIS,26
2005-07-19,PARIS-MONTSOURIS,37
2005-07-20,PARIS-MONTSOURIS,31
2005-07-21,PARIS-MONTSOURIS,31
2005-07-22,PARIS-MONTSOURIS,37
2005-07-23,PARIS-MONTSOURIS,34
2005-07-24,PARIS-MONTSOURIS,33
2005-07-25,PARIS-MONTSOURIS,35
2005-07-26,PARIS-MONTSOURIS,25
2005-07-27,PARIS-MONTSOURIS,37
2005-07-28,PARIS-MONTSOURIS,33
2005-07-29,PARIS-MONTSOURIS,30
2005-07-30,PARIS-MONTSOURIS,32
2006-06-01,PARIS-MONTSOURIS,35
2006-06-02,PARIS-MONTSOURIS,37
2006-06-03,PARIS-MONTSOURIS,39
2006-06-04,PARIS-MONTSOURIS,32
2006-06-05,PARIS-MONTSOURIS,33
2006-06-06,PARIS-MONTSOURIS,37
2006-06-07,PARIS-MONTSOURIS,30
2006-06-08,PARIS-MONTSOURIS,32
2006-06-09,PARIS-MONTSOURIS,40
2006-06-10,PARIS-MONTSOURIS,29
2006-06-11,PARIS-MONTSOURIS,25
2006-06-12,PARIS-MONTSOURIS,34
2006-06-13,PARIS-MONTSOURIS,31
2006-06-14,PARIS-MONTSOURIS,33
2006-06-15,PARIS-MONTSOURIS,33
2006-06-16,PARIS-MONTSOURIS,38
2006-06-17,PARIS-MONTSOURIS,38
2006-06-18,PARIS-MONTSOURIS,27
2006-06-19,PARIS-MONTSOURIS,37
2006-06-20,PARIS-MONTSOURIS,25
2006-06-21,PARIS-MONTSOURIS,28
2006-06-22,PARIS-MONTSOURIS,32
2006-06-23,PARIS-MONTSOURIS,30
2006-06-24,PARIS-MONTSOURIS,39
2006-06-25,PARIS-MONTSOURIS,38
2006-06-26,PARIS-MONTSOURIS,31
2006-06-27,PARIS-MONTSOURIS,39
2006-06-28,PARIS-MONTSOURIS,27
2006-06-29,PARIS-MONTSOURIS,32
2006-06-30,PARIS-MONTSOURIS,25
2006-07-01,PARIS-MONTSOURIS,30
2006-07-02,PARIS-MONTSOURIS,25
2006-07-03,PARIS-MONTSOURIS,38
2006-07-04,PARIS-MONTSOURIS,34
2006-07-05,PARIS-MONTSOURIS,26
2006-07-06,PARIS-MONTSOURIS,36
2006-07-07,PARIS-MONTSOURIS,39
2006-07-08,PARIS-MONTSOURIS,32
2006-07-09,PARIS-MONTSOURIS,38
2006-07-10,PARIS-MONTSOURIS,34
2006-07-11,PARIS-MONTSOURIS,35
2006-07-12,PARIS-MONTSOURIS,31
2006-07-13,PARIS-MONTSOURIS,30
2006-07-14,PARIS-MONTSOURIS,31
2006-07-15,PARIS-MONTSOURIS,29
2006-07-16,PARIS-MONTSOURIS,35
2006-07-17,PARIS-MONTSOURIS,28
2006-07-18,PARIS-MONTSOURIS,26
2006-07-19,PARIS-MONTSOURIS,38
2006-07-20,PARIS-MONTSOURIS,33
2006-07-21,PARIS-MONTSOURIS,26
2006-07-22,PARIS-MONTSOURIS,29
2006-07-23,PARIS-MONTSOURIS,30
2006-07-24,PARIS-MONTSOURIS,26
2006-07-25,PARIS-MONTSOURIS,32
2006-07-26,PARIS-MONTSOURIS,26
2006-07-27,PARIS-MONTSOURIS,36
2006-07-28,PARIS-MONTSOURIS,40
2006-07-29,PARIS-MONTSOURIS,38
2006-07-30,PARIS-MONTSOURIS,26
2007-06-01,PARIS-MONTSOURIS,37
2007-06-02,PARIS-MONTSOURIS,27
2007-06-03,PARIS-MONTSOURIS,40
2007-06-04,PARIS-MONTSOURIS,30
2007-06-05,PARIS-MONTSOURIS,30
2007-06-06,PARIS-MONTSOURIS,40
2007-06-07,PARIS-MONTSOURIS,27
2007-06-08,PARIS-MONTSOURIS,35
2007-06-09,PARIS-MONTSOURIS,25
2007-06-10,PARIS-MONTSOURIS,29
2007-06-11,PARIS-MONTSOURIS,37
2007-06-12,PARIS-MONTSOURIS,33
2007-06-13,PARIS-MONTSOURIS,39
2007-06-14,PARIS-MONTSOURIS,27
2007-06-15,PARIS-MONTSOURIS,38
2007-06-16,PARIS-MONTSOURIS,33
2007-06-17,PARIS-MONTSOURIS,26
2007-06-18,PARIS-MONTSOURIS,29
2007-06-19,PARIS-MONTSOURIS,35
2007-06-20,PARIS-MONTSOURIS,29
2007-06-21,PARIS-MONTSOURIS,39
2007-06-22,PARIS-MONTSOURIS,26
2007-06-23,PARIS-MONTSOURIS,36
2007-06-24,PARIS-MONTSOURIS,28
2007-06-25,PARIS-MONTSOURIS,36
2007-06-26,PARIS-MONTSOURIS,29
2007-06-27,PARIS-MONTSOURIS,28
2007-06-28,PARIS-MONTSOURIS,40
2007-06-29,PARIS-MONTSOURIS,33
2007-06-30,PARIS-MONTSOURIS,34
2007-07-01,PARIS-MONTSOURIS,36
2007-07-02,PARIS-MONTSOURIS,34
2007-07-03,PARIS-MONTSOURIS,29
2007-07-04,PARIS-MONTSOURIS,27
2007-07-05,PARIS-MONTSOURIS,25
2007-07-06,PARIS-MONTSOURIS,36
2007-07-07,PARIS-MONTSOURIS,33
2007-07-08,PARIS-MONTSOURIS,39
2007-07-09,PARIS-MONTSOURIS,33
2007-07-10,PARIS-MONTSOURIS,25
2007-07-11,PARIS-MONTSOURIS,36
2007-07-12,PARIS-MONTSOURIS,29
2007-07-13,PARIS-MONTSOURIS,38
2007-07-14,PARIS-MONTSOURIS,31
2007-07-15,PARIS-MONTSOURIS,38
2007-07-16,PARIS-MONTSOURIS,25
2007-07-17,PARIS-MONTSOURIS,40
2007-07-18,PARIS-MONTSOURIS,38
2007-07-19,PARIS-MONTSOURIS,26
2007-07-20,PARIS-MONTSOURIS,28
2007-07-21,PARIS-MONTSOURIS,36
2007-07-22,PARIS-MONTSOURIS,26
2007-07-23,PARIS-MONTSOURIS,32
2007-07-24,PARIS-MONTSOURIS,34
2007-07-25,PARIS-MONTSOURIS,40
2007-07-26,PARIS-MONTSOURIS,37
2007-07-27,PARIS-MONTSOURIS,32
2007-07-28,PARIS-MONTSOURIS,37
2007-07-29,PARIS-MONTSOURIS,26
2007-07-30,PARIS-MONTSOURIS,38
2008-06-01,PARIS-MONTSOURIS,29
2008-06-02,PARIS-MONTSOURIS,36
2008-06-03,PARIS-MONTSOURIS,38
2008-06-04,PARIS-MONTSOURIS,31
2008-06-05,PARIS-MONTSOURIS,36
2008-06-06,PARIS-MONTSOURIS,30
2008-06-07,PARIS-MONTSOURIS,35
2008-06-08,PARIS-MONTSOURIS,28
2008-06-09,PARIS-MONTSOURIS,32
2008-06-10,PARIS-MONTSOURIS,40
2008-06-11,PARIS-MONTSOURIS,28
2008-06-12,PARIS-MONTSOURIS,39
2008-06-13,PARIS-MONTSOURIS,38
2008-06-14,PARIS-MONTSOURIS,31
2008-06-15,PARIS-MONTSOURIS,26
2008-06-16,PARIS-MONTSOURIS,27
2008-06-17,PARIS-MONTSOURIS,32
2008-06-18,PARIS-MONTSOURIS,30
2008-06-19,PARIS-MONTSOURIS,38
2008-06-20,PARIS-MONTSOURIS,38
2008-06-21,PARIS-MONTSOURIS,36
2008-06-22,PARIS-MONTSOURIS,37
2008-06-23,PARIS-MONTSOURIS,33
2008-06-24,PARIS-MONTSOURIS,30
2008-06-25,PARIS-MONTSOURIS,27
2008-06-26,PARIS-MONTSOURIS,31
2008-06-27,PARIS-MONTSOURIS,36
2008-06-28,PARIS-MONTSOURIS,31
2008-06-29,PARIS-MONTSOURIS,28
2008-06-30,PARIS-MONTSOURIS,30
2008-07-01,PARIS-MONTSOURIS,29
2008-07-02,PARIS-MONTSOURIS,35
2008-07-03,PARIS-MONTSOURIS,33
2008-07-04,PARIS-MONTSOURIS,29
2008-07-05,PARIS-MONTSOURIS,33
2008-07-06,PARIS-MONTSOURIS,37
2008-07-07,PARIS-MONTSOURIS,39
2008-07-08,PARIS-MONTSOURIS,36
2008-07-09,PARIS-MONTSOURIS,39
2008-07-10,PARIS-MONTSOURIS,29
2008-07-11,PARIS-MONTSOURIS,33
2008-07-12,PARIS-MONTSOURIS,31
2008-07-13,PARIS-MONTSOURIS,27
2008-07-14,PARIS-MONTSOURIS,33
2008-07-15,PARIS-MONTSOURIS,39
2008-07-16,PARIS-MONTSOURIS,30
2008-07-17,PARIS-MONTSOURIS,29
2008-07-18,PARIS-MONTSOURIS,36
2008-07-19,PARIS-MONTSOURIS,28
2008-07-20,PARIS-MONTSOURIS,32
2008-07-21,PARIS-MONTSOURIS,39
2008-07-22,PARIS-MONTSOURIS,35
2008-07-23,PARIS-MONTSOURIS,34
2008-07-24,PARIS-MONTSOURIS,33
2008-07-25,PARIS-MONTSOURIS,35
2008-07-26,PARIS-MONTSOURIS,35
2008-07-27,PARIS-MONTSOURIS,35
2008-07-28,PARIS-MONTSOURIS,39
2008-07-29,PARIS-MONTSOURIS,25
2008-07-30,PARIS-MONTSOURIS,35
2009-06-01,PARIS-MONTSOURIS,38
2009-06-02,PARIS-MONTSOURIS,36
2009-06-03,PARIS-MONTSOURIS,29
2009-06-04,PARIS-MONTSOURIS,33
2009-06-05,PARIS-MONTSOURIS,37
2009-06-06,PARIS-MONTSOURIS,31
2009-06-07,PARIS-MONTSOURIS,34
2009-06-08,PARIS-MONTSOURIS,27
2009-06-09,PARIS-MONTSOURIS,29
2009-06-10,PARIS-MONTSOURIS,37
2009-06-11,PARIS-MONTSOURIS,33
2009-06-12,PARIS-MONTSOURIS,34
2009-06-13,PARIS-MONTSOURIS,34
2009-06-14,PARIS-MONTSOURIS,26
2009-06-15,PARIS-MONTSOURIS,33
2009-06-16,PARIS-MONTSOURIS,37
2009-06-17,PARIS-MONTSOURIS,33
2009-06-18,PARIS-MONTSOURIS,35
2009-06-19,PARIS-MONTSOURIS,40
2009-06-20,PARIS-MONTSOURIS,27
2009-06-21,PARIS-MONTSOURIS,25
2009-06-22,PARIS-MONTSOURIS,34
2009-06-23,PARIS-MONTSOURIS,39
2009-06-24,PARIS-MONTSOURIS,37
2009-06-25,PARIS-MONTSOURIS,36
2009-06-26,PARIS-MONTSOURIS,34
2009-06-27,PARIS-MONTSOURIS,32
2009-06-28,PARIS-MONTSOURIS,27
2009-06-29,PARIS-MONTSOURIS,31
2009-06-30,PARIS-MONTSOURIS,29
2009-07-01,PARIS-MONTSOURIS,28
2009-07-02,PARIS-MONTSOURIS,33
2009-07-03,PARIS-MONTSOURIS,37
2009-07-04,PARIS-MONTSOURIS,30
2009-07-05,PARIS-MONTSOURIS,28
2009-07-06,PARIS-MONTSOURIS,34
2009-07-07,PARIS-MONTSOURIS,37
2009-07-08,PARIS-MONTSOURIS,25
2009-07-09,PARIS-MONTSOURIS,39
2009-07-10,PARIS-MONTSOURIS,32
2009-07-11,PARIS-MONTSOURIS,25
2009-07-12,PARIS-MONTSOURIS,33
2009-07-13,PARIS-MONTSOURIS,35
2009-07-14,PARIS-MONTSOURIS,31
2009-07-15,PARIS-MONTSOURIS,33
2009-07-16,PARIS-MONTSOURIS,32
2009-07-17,PARIS-MONTSOURIS,36
2009-07-18,PARIS-MONTSOURIS,34
2009-07-19,PARIS-MONTSOURIS,25
2009-07-20,PARIS-MONTSOURIS,40
2009-07-21,PARIS-MONTSOURIS,31
2009-07-22,PARIS-MONTSOURIS,34
2009-07-23,PARIS-MONTSOURIS,30
2009-07-24,PARIS-MONTSOURIS,30
2009-07-25,PARIS-MONTSOURIS,32
2009-07-26,PARIS-MONTSOURIS,27
2009-07-27,PARIS-MONTSOURIS,30
2009-07-28,PARIS-MONTSOURIS,37
2009-07-29,PARIS-MONTSOURIS,25
2009-07-30,PARIS-MONTSOURIS,32
2010-06-01,PARIS-MONTSOURIS,36
2010-06-02,PARIS-MONTSOURIS,38
2010-06-03,PARIS-MONTSOURIS,30
2010-06-04,PARIS-MONTSOURIS,38
2010-06-05,PARIS-MONTSOURIS,34
2010-06-06,PARIS-MONTSOURIS,27
2010-06-07,PARIS-MONTSOURIS,38
2010-06-08,PARIS-MONTSOURIS,28
2010-06-09,PARIS-MONTSOURIS,36
2010-06-10,PARIS-MONTSOURIS,29
2010-06-11,PARIS-MONTSOURIS,38
2010-06-12,PARIS-MONTSOURIS,40
2010-06-13,PARIS-MONTSOURIS,38
2010-06-14,PARIS-MONTSOURIS,37
2010-06-15,PARIS-MONTSOURIS,39
2010-06-16,PARIS-MONTSOURIS,30
2010-06-17,PARIS-MONTSOURIS,37
2010-06-18,PARIS-MONTSOURIS,33
2010-06-19,PARIS-MONTSOURIS,28
2010-06-20,PARIS-MONTSOURIS,26
2010-06-21,PARIS-MONTSOURIS,35
2010-06-22,PARIS-MONTSOURIS,30
2010-06-23,PARIS-MONTSOURIS,36
2010-06-24,PARIS-MONTSOURIS,28
2010-06-25,PARIS-MONTSOURIS,29
2010-06-26,PARIS-MONTSOURIS,39
2010-06-27,PARIS-MONTSOURIS,27
2010-06-28,PARIS-MONTSOURIS,30
2010-06-29,PARIS-MONTSOURIS,30
2010-06-30,PARIS-MONTSOURIS,33
2010-07-01,PARIS-MONTSOURIS,32
2010-07-02,PARIS-MONTSOURIS,39
2010-07-03,PARIS-MONTSOURIS,32
2010-07-04,PARIS-MONTSOURIS,26
2010-07-05,PARIS-MONTSOURIS,35
2010-07-06,PARIS-MONTSOURIS,31
2010-07-07,PARIS-MONTSOURIS,28
2010-07-08,PARIS-MONTSOURIS,29
2010-07-09,PARIS-MONTSOURIS,29
2010-07-10,PARIS-MONTSOURIS,39
2010-07-11,PARIS-MONTSOURIS,36
2010-07-12,PARIS-MONTSOURIS,33
2010-07-13,PARIS-MONTSOURIS,34
2010-07-14,PARIS-MONTSOURIS,35
2010-07-15,PARIS-MONTSOURIS,29
2010-07-16,PARIS-MONTSOURIS,36
2010-07-17,PARIS-MONTSOURIS,34
2010-07-18,PARIS-MONTSOURIS,25
2010-07-19,PARIS-MONTSOURIS,33
2010-07-20,PARIS-MONTSOURIS,28
2010-07-21,PARIS-MONTSOURIS,33
2010-07-22,PARIS-MONTSOURIS,29
2010-07-23,PARIS-MONTSOURIS,38
2010-07-24,PARIS-MONTSOURIS,38
2010-07-25,PARIS-MONTSOURIS,32
2010-07-26,PARIS-MONTSOURIS,27
2010-07-27,PARIS-MONTSOURIS,25
2010-07-28,PARIS-MONTSOURIS,29
2010-07-29,PARIS-MONTSOURIS,33
2010-07-30,PARIS-MONTSOURIS,36
2011-06-01,PARIS-MONTSOURIS,37
2011-06-02,PARIS-MONTSOURIS,34
2011-06-03,PARIS-MONTSOURIS,29
2011-06-04,PARIS-MONTSOURIS,26
2011-06-05,PARIS-MONTSOURIS,33
2011-06-06,PARIS-MONTSOURIS,37
2011-06-07,PARIS-MONTSOURIS,34
2011-06-08,PARIS-MONTSOURIS,38
2011-06-09,PARIS-MONTSOURIS,29
2011-06-10,PARIS-MONTSOURIS,30
2011-06-11,PARIS-MONTSOURIS,31
2011-06-12,PARIS-MONTSOURIS,30
2011-06-13,PARIS-MONTSOURIS,25
2011-06-14,PARIS-MONTSOURIS,33
2011-06-15,PARIS-MONTSOURIS,30
2011-06-16,PARIS-MONTSOURIS,37
2011-06-17,PARIS-MONTSOURIS,31
2011-06-18,PARIS-MONTSOURIS,33
2011-06-19,PARIS-MONTSOURIS,30
2011-06-20,PARIS-MONTSOURIS,29
2011-06-21,PARIS-MONTSOURIS,29
2011-06-22,PARIS-MONTSOURIS,37
2011-06-23,PARIS-MONTSOURIS,26
2011-06-24,PARIS-MONTSOURIS,40
2011-06-25,PARIS-MONTSOURIS,30
2011-06-26,PARIS-MONTSOURIS,35
2011-06-27,PARIS-MONTSOURIS,28
2011-06-28,PARIS-MONTSOURIS,34
2011-06-29,PARIS-MONTSOURIS,32
2011-06-30,PARIS-MONTSOURIS,37
2011-07-01,PARIS-MONTSOURIS,37
2011-07-02,PARIS-MONTSOURIS,38
2011-07-03,PARIS-MONTSOURIS,35
2011-07-04,PARIS-MONTSOURIS,25
2011-07-05,PARIS-MONTSOURIS,28
2011-07-06,PARIS-MONTSOURIS,40
2011-07-07,PARIS-MONTSOURIS,26
2011-07-08,PARIS-MONTSOURIS,28
2011-07-09,PARIS-MONTSOURIS,34
2011-07-10,PARIS-MONTSOURIS,33
2011-07-11,PARIS-MONTSOURIS,30
2011-07-12,PARIS-MONTSOURIS,33
2011-07-13,PARIS-MONTSOURIS,37
2011-07-14,PARIS-MONTSOURIS,28
2011-07-15,PARIS-MONTSOURIS,28
2011-07-16,PARIS-MONTSOURIS,31
2011-07-17,PARIS-MONTSOURIS,26
2011-07-18,PARIS-MONTSOURIS,36
2011-07-19,PARIS-MONTSOURIS,38
2011-07-20,PARIS-MONTSOURIS,38
2011-07-21,PARIS-MONTSOURIS,28
2011-07-22,PARIS-MONTSOURIS,26
2011-07-23,PARIS-MONTSOURIS,25
2011-07-24,PARIS-MONTSOURIS,30
2011-07-25,PARIS-MONTSOURIS,39
2011-07-26,PARIS-MONTSOURIS,32
2011-07-27,PARIS-MONTSOURIS,32
2011-07-28,PARIS-MONTSOURIS,35
2011-07-29,PARIS-MONTSOURIS,26
2011-07-30,PARIS-MONTSOURIS,34
2012-06-01,PARIS-MONTSOURIS,26
2012-06-02,PARIS-MONTSOURIS,38
2012-06-03,PARIS-MONTSOURIS,40
2012-06-04,PARIS-MONTSOURIS,37
2012-06-05,PARIS-MONTSOURIS,38
2012-06-06,PARIS-MONTSOURIS,36
2012-06-07,PARIS-MONTSOURIS,26
2012-06-08,PARIS-MONTSOURIS,37
2012-06-09,PARIS-MONTSOURIS,32
2012-06-10,PARIS-MONTSOURIS,35
2012-06-11,PARIS-MONTSOURIS,33
2012-06-12,PARIS-MONTSOURIS,36
2012-06-13,PARIS-MONTSOURIS,28
2012-06-14,PARIS-MONTSOURIS,34
2012-06-15,PARIS-MONTSOURIS,37
2012-06-16,PARIS-MONTSOURIS,39
2012-06-17,PARIS-MONTSOURIS,36
2012-06-18,PARIS-MONTSOURIS,26
2012-06-19,PARIS-MONTSOURIS,31
2012-06-20,PARIS-MONTSOURIS,31
2012-06-21,PARIS-MONTSOURIS,28
2012-06-22,PARIS-MONTSOURIS,40
2012-06-23,PARIS-MONTSOURIS,32
2012-06-24,PARIS-MONTSOURIS,29
2012-06-25,PARIS-MONTSOURIS,36
2012-06-26,PARIS-MONTSOURIS,26
2012-06-27,PARIS-MONTSOURIS,37
2012-06-28,PARIS-MONTSOURIS,31
2012-06-29,PARIS-MONTSOURIS,31
2012-06-30,PARIS-MONTSOURIS,39
2012-07-01,PARIS-MONTSOURIS,38
2012-07-02,PARIS-MONTSOURIS,27
2012-07-03,PARIS-MONTSOURIS,36
2012-07-04,PARIS-MONTSOURIS,37
2012-07-05,PARIS-MONTSOURIS,32
2012-07-06,PARIS-MONTSOURIS,33
2012-07-07,PARIS-MONTSOURIS,25
2012-07-08,PARIS-MONTSOURIS,27
2012-07-09,PARIS-MONTSOURIS,28
2012-07-10,PARIS-MONTSOURIS,40
2012-07-11,PARIS-MONTSOURIS,31
2012-07-12,PARIS-MONTSOURIS,32
2012-07-13,PARIS-MONTSOURIS,27
2012-07-14,PARIS-MONTSOURIS,27
2012-07-15,PARIS-MONTSOURIS,34
2012-07-16,PARIS-MONTSOURIS,33
2012-07-17,PARIS-MONTSOURIS,34
2012-07-18,PARIS-MONTSOURIS,40
2012-07-19,PARIS-MONTSOURIS,34
2012-07-20,PARIS-MONTSOURIS,35
2012-07-21,PARIS-MONTSOURIS,35
2012-07-22,PARIS-MONTSOURIS,37
2012-07-23,PARIS-MONTSOURIS,30
2012-07-24,PARIS-MONTSOURIS,25
2012-07-25,PARIS-MONTSOURIS,36
2012-07-26,PARIS-MONTSOURIS,35
2012-07-27,PARIS-MONTSOURIS,26
2012-07-28,PARIS-MONTSOURIS,27
2012-07-29,PARIS-MONTSOURIS,37
2012-07-30,PARIS-MONTSOURIS,35
2013-06-01,PARIS-MONTSOURIS,38
2013-06-02,PARIS-MONTSOURIS,32
2013-06-03,PARIS-MONTSOURIS,36
2013-06-04,PARIS-MONTSOURIS,37
2013-06-05,PARIS-MONTSOURIS,25
2013-06-06,PARIS-MONTSOURIS,34
2013-06-07,PARIS-MONTSOURIS,33
2013-06-08,PARIS-MONTSOURIS,34
2013-06-09,PARIS-MONTSOURIS,26
2013-06-10,PARIS-MONTSOURIS,30
2013-06-11,PARIS-MONTSOURIS,33
2013-06-12,PARIS-MONTSOURIS,30
2013-06-13,PARIS-MONTSOURIS,25
2013-06-14,PARIS-MONTSOURIS,32
2013-06-15,PARIS-MONTSOURIS,40
2013-06-16,PARIS-MONTSOURIS,28
2013-06-17,PARIS-MONTSOURIS,40
2013-06-18,PARIS-MONTSOURIS,30
2013-06-19,PARIS-MONTSOURIS,30
2013-06-20,PARIS-MONTSOURIS,38
2013-06-21,PARIS-MONTSOURIS,37
2013-06-22,PARIS-MONTSOURIS,25
2013-06-23,PARIS-MONTSOURIS,26
2013-06-24,PARIS-MONTSOURIS,31
2013-06-25,PARIS-MONTSOURIS,31
2013-06-26,PARIS-MONTSOURIS,32
2013-06-27,PARIS-MONTSOURIS,33
2013-06-28,PARIS-MONTSOURIS,35
2013-06-29,PARIS-MONTSOURIS,27
2013-06-30,PARIS-MONTSOURIS,30
2013-07-01,PARIS-MONTSOURIS,25
2013-07-02,PARIS-MONTSOURIS,32
2013-07-03,PARIS-MONTSOURIS,40
2013-07-04,PARIS-MONTSOURIS,30
2013-07-05,PARIS-MONTSOURIS,25
2013-07-06,PARIS-MONTSOURIS,37
2013-07-07,PARIS-MONTSOURIS,40
2013-07-08,PARIS-MONTSOURIS,26
2013-07-09,PARIS-MONTSOURIS,28
2013-07-10,PARIS-MONTSOURIS,31
2013-07-11,PARIS-MONTSOURIS,35
2013-07-12,PARIS-MONTSOURIS,31
2013-07-13,PARIS-MONTSOURIS,26
2013-07-14,PARIS-MONTSOURIS,34
2013-07-15,PARIS-MONTSOURIS,31
2013-07-16,PARIS-MONTSOURIS,26
2013-07-17,PARIS-MONTSOURIS,38
2013-07-18,PARIS-MONTSOURIS,35
2013-07-19,PARIS-MONTSOURIS,28
2013-07-20,PARIS-MONTSOURIS,32
2013-07-21,PARIS-MONTSOURIS,39
2013-07-22,PARIS-MONTSOURIS,30
2013-07-23,PARIS-MONTSOURIS,32
2013-07-24,PARIS-MONTSOURIS,27
2013-07-25,PARIS-MONTSOURIS,35
2013-07-26,PARIS-MONTSOURIS,38
2013-07-27,PARIS-MONTSOURIS,28
2013-07-28,PARIS-MONTSOURIS,31
2013-07-29,PARIS-MONTSOURIS,33
2013-07-30,PARIS-MONTSOURIS,25
2014-06-01,PARIS-MONTSOURIS,32
2014-06-02,PARIS-MONTSOURIS,32
2014-06-03,PARIS-MONTSOURIS,26
2014-06-04,PARIS-MONTSOURIS,28
2014-06-05,PARIS-MONTSOURIS,34
2014-06-06,PARIS-MONTSOURIS,34
2014-06-07,PARIS-MONTSOURIS,28
2014-06-08,PARIS-MONTSOURIS,35
2014-06-09,PARIS-MONTSOURIS,26
2014-06-10,PARIS-MONTSOURIS,27
2014-06-11,PARIS-MONTSOURIS,29
2014-06-12,PARIS-MONTSOURIS,31
2014-06-13,PARIS-MONTSOURIS,40
2014-06-14,PARIS-MONTSOURIS,37
2014-06-15,PARIS-MONTSOURIS,34
2014-06-16,PARIS-MONTSOURIS,36
2014-06-17,PARIS-MONTSOURIS,30
2014-06-18,PARIS-MONTSOURIS,36
2014-06-19,PARIS-MONTSOURIS,32
2014-06-20,PARIS-MONTSOURIS,30
2014-06-21,PARIS-MONTSOURIS,38
2014-06-22,PARIS-MONTSOURIS,38
2014-06-23,PARIS-MONTSOURIS,25
2014-06-24,PARIS-MONTSOURIS,29
2014-06-25,PARIS-MONTSOURIS,28
2014-06-26,PARIS-MONTSOURIS,25
2014-06-27,PARIS-MONTSOURIS,34
2014-06-28,PARIS-MONTSOURIS,26
2014-06-29,PARIS-MONTSOURIS,40
2014-06-30,PARIS-MONTSOURIS,30
2014-07-01,PARIS-MONTSOURIS,31
2014-07-02,PARIS-MONTSOURIS,39
2014-07-03,PARIS-MONTSOURIS,30
2014-07-04,PARIS-MONTSOURIS,27
2014-07-05,PARIS-MONTSOURIS,36
2014-07-06,PARIS-MONTSOURIS,33
2014-07-07,PARIS-MONTSOURIS,25
2014-07-08,PARIS-MONTSOURIS,29
2014-07-09,PARIS-MONTSOURIS,40
2014-07-10,PARIS-MONTSOURIS,29
2014-07-11,PARIS-MONTSOURIS,27
2014-07-12,PARIS-MONTSOURIS,28
2014-07-13,PARIS-MONTSOURIS,30
2014-07-14,PARIS-MONTSOURIS,38
2014-07-15,PARIS-MONTSOURIS,35
2014-07-16,PARIS-MONTSOURIS,27
2014-07-17,PARIS-MONTSOURIS,27
2014-07-18,PARIS-MONTSOURIS,29
2014-07-19,PARIS-MONTSOURIS,28
2014-07-20,PARIS-MONTSOURIS,26
2014-07-21,PARIS-MONTSOURIS,38
2014-07-22,PARIS-MONTSOURIS,26
2014-07-23,PARIS-MONTSOURIS,28
2014-07-24,PARIS-MONTSOURIS,32
2014-07-25,PARIS-MONTSOURIS,25
2014-07-26,PARIS-MONTSOURIS,27
2014-07-27,PARIS-MONTSOURIS,26
2014-07-28,PARIS-MONTSOURIS,31
2014-07-29,PARIS-MONTSOURIS,28
2014-07-30,PARIS-MONTSOURIS,39
2015-06-01,PARIS-MONTSOURIS,34
2015-06-02,PARIS-MONTSOURIS,35
2015-06-03,PARIS-MONTSOURIS,36
2015-06-04,PARIS-MONTSOURIS,40
2015-06-05,PARIS-MONTSOURIS,40
2015-06-06,PARIS-MONTSOURIS,26
2015-06-07,PARIS-MONTSOURIS,35
2015-06-08,PARIS-MONTSOURIS,25
2015-06-09,PARIS-MONTSOURIS,30
2015-06-10,PARIS-MONTSOURIS,28
2015-06-11,PARIS-MONTSOURIS,37
2015-06-12,PARIS-MONTSOURIS,26
2015-06-13,PARIS-MONTSOURIS,33
2015-06-14,PARIS-MONTSOURIS,26
2015-06-15,PARIS-MONTSOURIS,31
2015-06-16,PARIS-MONTSOURIS,34
2015-06-17,PARIS-MONTSOURIS,35
2015-06-18,PARIS-MONTSOURIS,27
2015-06-19,PARIS-MONTSOURIS,38
2015-06-20,PARIS-MONTSOURIS,35
2015-06-21,PARIS-MONTSOURIS,28
2015-06-22,PARIS-MONTSOURIS,25
2015-06-23,PARIS-MONTSOURIS,39
2015-06-24,PARIS-MONTSOURIS,36
2015-06-25,PARIS-MONTSOURIS,40
2015-06-26,PARIS-MONTSOURIS,37
2015-06-27,PARIS-MONTSOURIS,33
2015-06-28,PARIS-MONTSOURIS,37
2015-06-29,PARIS-MONTSOURIS,29
2015-06-30,PARIS-MONTSOURIS,30
2015-07-01,PARIS-MONTSOURIS,33
2015-07-02,PARIS-MONTSOURIS,37
2015-07-03,PARIS-MONTSOURIS,33
2015-07-04,PARIS-MONTSOURIS,39
2015-07-05,PARIS-MONTSOURIS,40
2015-07-06,PARIS-MONTSOURIS,28
2015-07-07,PARIS-MONTSOURIS,37
2015-07-08,PARIS-MONTSOURIS,36
2015-07-09,PARIS-MONTSOURIS,25
2015-07-10,PARIS-MONTSOURIS,37
2015-07-11,PARIS-MONTSOURIS,36
2015-07-12,PARIS-MONTSOURIS,37
2015-07-13,PARIS-MONTSOURIS,36
2015-07-14,PARIS-MONTSOURIS,37
2015-07-15,PARIS-MONTSOURIS,40
2015-07-16,PARIS-MONTSOURIS,39
2015-07-17,PARIS-MONTSOURIS,33
2015-07-18,PARIS-MONTSOURIS,35
2015-07-19,PARIS-MONTSOURIS,36
2015-07-20,PARIS-MONTSOURIS,34
2015-07-21,PARIS-MONTSOURIS,27
2015-07-22,PARIS-MONTSOURIS,39
2015-07-23,PARIS-MONTSOURIS,35
2015-07-24,PARIS-MONTSOURIS,28
2015-07-25,PARIS-MONTSOURIS,40
2015-07-26,PARIS-MONTSOURIS,39
2015-07-27,PARIS-MONTSOURIS,35
2015-07-28,PARIS-MONTSOURIS,37
2015-07-29,PARIS-MONTSOURIS,39
2015-07-30,PARIS-MONTSOURIS,35
2016-06-01,PARIS-MONTSOURIS,40
2016-06-02,PARIS-MONTSOURIS,33
2016-06-03,PARIS-MONTSOURIS,32
2016-06-04,PARIS-MONTSOURIS,27
2016-06-05,PARIS-MONTSOURIS,38
2016-06-06,PARIS-MONTSOURIS,28
2016-06-07,PARIS-MONTSOURIS,34
2016-06-08,PARIS-MONTSOURIS,38
2016-06-09,PARIS-MONTSOURIS,27
2016-06-10,PARIS-MONTSOURIS,35
2016-06-11,PARIS-MONTSOURIS,37
2016-06-12,PARIS-MONTSOURIS,34
2016-06-13,PARIS-MONTSOURIS,28
2016-06-14,PARIS-MONTSOURIS,37
2016-06-15,PARIS-MONTSOURIS,36
2016-06-16,PARIS-MONTSOURIS,38
2016-06-17,PARIS-MONTSOURIS,40
2016-06-18,PARIS-MONTSOURIS,29
2016-06-19,PARIS-MONTSOURIS,37
2016-06-20,PARIS-MONTSOURIS,33
2016-06-21,PARIS-MONTSOURIS,30
2016-06-22,PARIS-MONTSOURIS,26
2016-06-23,PARIS-MONTSOURIS,27
2016-06-24,PARIS-MONTSOURIS,38
2016-06-25,PARIS-MONTSOURIS,29
2016-06-26,PARIS-MONTSOURIS,39
2016-06-27,PARIS-MONTSOURIS,33
2016-06-28,PARIS-MONTSOURIS,28
2016-06-29,PARIS-MONTSOURIS,29
2016-06-30,PARIS-MONTSOURIS,30
2016-07-01,PARIS-MONTSOURIS,32
2016-07-02,PARIS-MONTSOURIS,26
2016-07-03,PARIS-MONTSOURIS,39
2016-07-04,PARIS-MONTSOURIS,31
2016-07-05,PARIS-MONTSOURIS,26
2016-07-06,PARIS-MONTSOURIS,25
2016-07-07,PARIS-MONTSOURIS,33
2016-07-08,PARIS-MONTSOURIS,29
2016-07-09,PARIS-MONTSOURIS,39
2016-07-10,PARIS-MONTSOURIS,30
2016-07-11,PARIS-MONTSOURIS,36
2016-07-12,PARIS-MONTSOURIS,31
2016-07-13,PARIS-MONTSOURIS,37
2016-07-14,PARIS-MONTSOURIS,32
2016-07-15,PARIS-MONTSOURIS,27
2016-07-16,PARIS-MONTSOURIS,25
2016-07-17,PARIS-MONTSOURIS,39
2016-07-18,PARIS-MONTSOURIS,28
2016-07-19,PARIS-MONTSOURIS,39
2016-07-20,PARIS-MONTSOURIS,26
2016-07-21,PARIS-MONTSOURIS,29
2016-07-22,PARIS-MONTSOURIS,32
2016-07-23,PARIS-MONTSOURIS,26
2016-07-24,PARIS-MONTSOURIS,31
2016-07-25,PARIS-MONTSOURIS,26
2016-07-26,PARIS-MONTSOURIS,36
2016-07-27,PARIS-MONTSOURIS,39
2016-07-28,PARIS-MONTSOURIS,28
2016-07-29,PARIS-MONTSOURIS,34
2016-07-30,PARIS-MONTSOURIS,30
2017-06-01,PARIS-MONTSOURIS,34
2017-06-02,PARIS-MONTSOURIS,30
2017-06-03,PARIS-MONTSOURIS,27
2017-06-04,PARIS-MONTSOURIS,28
2017-06-05,PARIS-MONTSOURIS,40
2017-06-06,PARIS-MONTSOURIS,29
2017-06-07,PARIS-MONTSOURIS,33
2017-06-08,PARIS-MONTSOURIS,32
2017-06-09,PARIS-MONTSOURIS,32
2017-06-10,PARIS-MONTSOURIS,27
2017-06-11,PARIS-MONTSOURIS,27
2017-06-12,PARIS-MONTSOURIS,34
2017-06-13,PARIS-MONTSOURIS,36
2017-06-14,PARIS-MONTSOURIS,27
2017-06-15,PARIS-MONTSOURIS,29
2017-06-16,PARIS-MONTSOURIS,39
2017-06-17,PARIS-MONTSOURIS,31
2017-06-18,PARIS-MONTSOURIS,26
2017-06-19,PARIS-MONTSOURIS,28
2017-06-20,PARIS-MONTSOURIS,26
2017-06-21,PARIS-MONTSOURIS,33
2017-06-22,PARIS-MONTSOURIS,35
2017-06-23,PARIS-MONTSOURIS,29
2017-06-24,PARIS-MONTSOURIS,33
2017-06-25,PARIS-MONTSOURIS,34
2017-06-26,PARIS-MONTSOURIS,31
2017-06-27,PARIS-MONTSOURIS,27
2017-06-28,PARIS-MONTSOURIS,32
2017-06-29,PARIS-MONTSOURIS,32
2017-06-30,PARIS-MONTSOURIS,30
2017-07-01,PARIS-MONTSOURIS,25
2017-07-02,PARIS-MONTSOURIS,31
2017-07-03,PARIS-MONTSOURIS,34
2017-07-04,PARIS-MONTSOURIS,33
2017-07-05,PARIS-MONTSOURIS,29
2017-07-06,PARIS-MONTSOURIS,27
2017-07-07,PARIS-MONTSOURIS,33
2017-07-08,PARIS-MONTSOURIS,29
2017-07-09,PARIS-MONTSOURIS,29
2017-07-10,PARIS-MONTSOURIS,33
2017-07-11,PARIS-MONTSOURIS,40
2017-07-12,PARIS-MONTSOURIS,31
2017-07-13,PARIS-MONTSOURIS,36
2017-07-14,PARIS-MONTSOURIS,38
2017-07-15,PARIS-MONTSOURIS,27
2017-07-16,PARIS-MONTSOURIS,26
2017-07-17,PARIS-MONTSOURIS,30
2017-07-18,PARIS-MONTSOURIS,36
2017-07-19,PARIS-MONTSOURIS,33
2017-07-20,PARIS-MONTSOURIS,38
2017-07-21,PARIS-MONTSOURIS,32
2017-07-22,PARIS-MONTSOURIS,31
2017-07-23,PARIS-MONTSOURIS,26
2017-07-24,PARIS-MONTSOURIS,27
2017-07-25,PARIS-MONTSOURIS,32
2017-07-26,PARIS-MONTSOURIS,34
2017-07-27,PARIS-MONTSOURIS,26
2017-07-28,PARIS-MONTSOURIS,26
2017-07-29,PARIS-MONTSOURIS,30
2017-07-30,PARIS-MONTSOURIS,31
2018-06-01,PARIS-MONTSOURIS,38
2018-06-02,PARIS-MONTSOURIS,25
2018-06-03,PARIS-MONTSOURIS,36
2018-06-04,PARIS-MONTSOURIS,25
2018-06-05,PARIS-MONTSOURIS,27
2018-06-06,PARIS-MONTSOURIS,29
2018-06-07,PARIS-MONTSOURIS,30
2018-06-08,PARIS-MONTSOURIS,35
2018-06-09,PARIS-MONTSOURIS,36
2018-06-10,PARIS-MONTSOURIS,38
2018-06-11,PARIS-MONTSOURIS,29
2018-06-12,PARIS-MONTSOURIS,37
2018-06-13,PARIS-MONTSOURIS,27
2018-06-14,PARIS-MONTSOURIS,40
2018-06-15,PARIS-MONTSOURIS,31
2018-06-16,PARIS-MONTSOURIS,33
2018-06-17,PARIS-MONTSOURIS,38
2018-06-18,PARIS-MONTSOURIS,31
2018-06-19,PARIS-MONTSOURIS,30
2018-06-20,PARIS-MONTSOURIS,34
2018-06-21,PARIS-MONTSOURIS,39
2018-06-22,PARIS-MONTSOURIS,40
2018-06-23,PARIS-MONTSOURIS,33
2018-06-24,PARIS-MONTSOURIS,30
2018-06-25,PARIS-MONTSOURIS,31
2018-06-26,PARIS-MONTSOURIS,30
2018-06-27,PARIS-MONTSOURIS,39
2018-06-28,PARIS-MONTSOURIS,25
2018-06-29,PARIS-MONTSOURIS,28
2018-06-30,PARIS-MONTSOURIS,31
2018-07-01,PARIS-MONTSOURIS,34
2018-07-02,PARIS-MONTSOURIS,38
2018-07-03,PARIS-MONTSOURIS,34
2018-07-04,PARIS-MONTSOURIS,32
2018-07-05,PARIS-MONTSOURIS,30
2018-07-06,PARIS-MONTSOURIS,36
2018-07-07,PARIS-MONTSOURIS,30
2018-07-08,PARIS-MONTSOURIS,38
2018-07-09,PARIS-MONTSOURIS,26
2018-07-10,PARIS-MONTSOURIS,33
2018-07-11,PARIS-MONTSOURIS,33
2018-07-12,PARIS-MONTSOURIS,25
2018-07-13,PARIS-MONTSOURIS,34
2018-07-14,PARIS-MONTSOURIS,38
2018-07-15,PARIS-MONTSOURIS,39
2018-07-16,PARIS-MONTSOURIS,39
2018-07-17,PARIS-MONTSOURIS,25
2018-07-18,PARIS-MONTSOURIS,28
2018-07-19,PARIS-MONTSOURIS,27
2018-07-20,PARIS-MONTSOURIS,30
2018-07-21,PARIS-MONTSOURIS,38
2018-07-22,PARIS-MONTSOURIS,30
2018-07-23,PARIS-MONTSOURIS,40
2018-07-24,PARIS-MONTSOURIS,40
2018-07-25,PARIS-MONTSOURIS,36
2018-07-26,PARIS-MONTSOURIS,32
2018-07-27,PARIS-MONTSOURIS,37
2018-07-28,PARIS-MONTSOURIS,31
2018-07-29,PARIS-MONTSOURIS,29
2018-07-30,PARIS-MONTSOURIS,36
2019-06-01,PARIS-MONTSOURIS,28
2019-06-02,PARIS-MONTSOURIS,35
2019-06-03,PARIS-MONTSOURIS,36
2019-06-04,PARIS-MONTSOURIS,28
2019-06-05,PARIS-MONTSOURIS,37
2019-06-06,PARIS-MONTSOURIS,34
2019-06-07,PARIS-MONTSOURIS,34
2019-06-08,PARIS-MONTSOURIS,38
2019-06-09,PARIS-MONTSOURIS,33
2019-06-10,PARIS-MONTSOURIS,35
2019-06-11,PARIS-MONTSOURIS,31
2019-06-12,PARIS-MONTSOURIS,36
2019-06-13,PARIS-MONTSOURIS,32
2019-06-14,PARIS-MONTSOURIS,39
2019-06-15,PARIS-MONTSOURIS,33
2019-06-16,PARIS-MONTSOURIS,26
2019-06-17,PARIS-MONTSOURIS,31
2019-06-18,PARIS-MONTSOURIS,39
2019-06-19,PARIS-MONTSOURIS,35
2019-06-20,PARIS-MONTSOURIS,28
2019-06-21,PARIS-MONTSOURIS,38
2019-06-22,PARIS-MONTSOURIS,28
2019-06-23,PARIS-MONTSOURIS,37
2019-06-24,PARIS-MONTSOURIS,40
2019-06-25,PARIS-MONTSOURIS,31
2019-06-26,PARIS-MONTSOURIS,27
2019-06-27,PARIS-MONTSOURIS,28
2019-06-28,PARIS-MONTSOURIS,34
2019-06-29,PARIS-MONTSOURIS,31
2019-06-30,PARIS-MONTSOURIS,33
2019-07-01,PARIS-MONTSOURIS,34
2019-07-02,PARIS-MONTSOURIS,32
2019-07-03,PARIS-MONTSOURIS,38
2019-07-04,PARIS-MONTSOURIS,36
2019-07-05,PARIS-MONTSOURIS,27
2019-07-06,PARIS-MONTSOURIS,31
2019-07-07,PARIS-MONTSOURIS,26
2019-07-08,PARIS-MONTSOURIS,25
2019-07-09,PARIS-MONTSOURIS,34
2019-07-10,PARIS-MONTSOURIS,36
2019-07-11,PARIS-MONTSOURIS,38
2019-07-12,PARIS-MONTSOURIS,40
2019-07-13,PARIS-MONTSOURIS,34
2019-07-14,PARIS-MONTSOURIS,35
2019-07-15,PARIS-MONTSOURIS,32
2019-07-16,PARIS-MONTSOURIS,25
2019-07-17,PARIS-MONTSOURIS,28
2019-07-18,PARIS-MONTSOURIS,32
2019-07-19,PARIS-MONTSOURIS,29
2019-07-20,PARIS-MONTSOURIS,30
2019-07-21,PARIS-MONTSOURIS,28
2019-07-22,PARIS-MONTSOURIS,37
2019-07-23,PARIS-MONTSOURIS,33
2019-07-24,PARIS-MONTSOURIS,35
2019-07-25,PARIS-MONTSOURIS,40
2019-07-26,PARIS-MONTSOURIS,31
2019-07-27,PARIS-MONTSOURIS,27
2019-07-28,PARIS-MONTSOURIS,34
2019-07-29,PARIS-MONTSOURIS,25
2019-07-30,PARIS-MONTSOURIS,33
2020-06-01,PARIS-MONTSOURIS,35
2020-06-02,PARIS-MONTSOURIS,36
2020-06-03,PARIS-MONTSOURIS,40
2020-06-04,PARIS-MONTSOURIS,29
2020-06-05,PARIS-MONTSOURIS,38
2020-06-06,PARIS-MONTSOURIS,35
2020-06-07,PARIS-MONTSOURIS,28
2020-06-08,PARIS-MONTSOURIS,32
2020-06-09,PARIS-MONTSOURIS,32
2020-06-10,PARIS-MONTSOURIS,27
2020-06-11,PARIS-MONTSOURIS,29
2020-06-12,PARIS-MONTSOURIS,31
2020-06-13,PARIS-MONTSOURIS,37
2020-06-14,PARIS-MONTSOURIS,37
2020-06-15,PARIS-MONTSOURIS,25
2020-06-16,PARIS-MONTSOURIS,26
2020-06-17,PARIS-MONTSOURIS,36
2020-06-18,PARIS-MONTSOURIS,27
2020-06-19,PARIS-MONTSOURIS,34
2020-06-20,PARIS-MONTSOURIS,33
2020-06-21,PARIS-MONTSOURIS,37
2020-06-22,PARIS-MONTSOURIS,37
2020-06-23,PARIS-MONTSOURIS,25
2020-06-24,PARIS-MONTSOURIS,37
2020-06-25,PARIS-MONTSOURIS,40
2020-06-26,PARIS-MONTSOURIS,30
2020-06-27,PARIS-MONTSOURIS,40
2020-06-28,PARIS-MONTSOURIS,25
2020-06-29,PARIS-MONTSOURIS,27
2020-06-30,PARIS-MONTSOURIS,31
2020-07-01,PARIS-MONTSOURIS,25
2020-07-02,PARIS-MONTSOURIS,29
2020-07-03,PARIS-MONTSOURIS,36
2020-07-04,PARIS-MONTSOURIS,31
2020-07-05,PARIS-MONTSOURIS,40
2020-07-06,PARIS-MONTSOURIS,33
2020-07-07,PARIS-MONTSOURIS,27
2020-07-08,PARIS-MONTSOURIS,25
2020-07-09,PARIS-MONTSOURIS,25
2020-07-10,PARIS-MONTSOURIS,34
2020-07-11,PARIS-MONTSOURIS,27
2020-07-12,PARIS-MONTSOURIS,37
2020-07-13,PARIS-MONTSOURIS,36
2020-07-14,PARIS-MONTSOURIS,31
2020-07-15,PARIS-MONTSOURIS,40
2020-07-16,PARIS-MONTSOURIS,38
2020-07-17,PARIS-MONTSOURIS,28
2020-07-18,PARIS-MONTSOURIS,27
2020-07-19,PARIS-MONTSOURIS,34
2020-07-20,PARIS-MONTSOURIS,27
2020-07-21,PARIS-MONTSOURIS,36
2020-07-22,PARIS-MONTSOURIS,28
2020-07-23,PARIS-MONTSOURIS,26
2020-07-24,PARIS-MONTSOURIS,33
2020-07-25,PARIS-MONTSOURIS,38
2020-07-26,PARIS-MONTSOURIS,31
2020-07-27,PARIS-MONTSOURIS,30
2020-07-28,PARIS-MONTSOURIS,25
2020-07-29,PARIS-MONTSOURIS,29
2020-07-30,PARIS-MONTSOURIS,35
2021-06-01,PARIS-MONTSOURIS,36
2021-06-02,PARIS-MONTSOURIS,40
2021-06-03,PARIS-MONTSOURIS,31
2021-06-04,PARIS-MONTSOURIS,37
2021-06-05,PARIS-MONTSOURIS,40
2021-06-06,PARIS-MONTSOURIS,31
2021-06-07,PARIS-MONTSOURIS,26
2021-06-08,PARIS-MONTSOURIS,35
2021-06-09,PARIS-MONTSOURIS,25
2021-06-10,PARIS-MONTSOURIS,27
2021-06-11,PARIS-MONTSOURIS,39
2021-06-12,PARIS-MONTSOURIS,40
2021-06-13,PARIS-MONTSOURIS,27
2021-06-14,PARIS-MONTSOURIS,34
2021-06-15,PARIS-MONTSOURIS,25
2021-06-16,PARIS-MONTSOURIS,35
2021-06-17,PARIS-MONTSOURIS,25
2021-06-18,PARIS-MONTSOURIS,35
2021-06-19,PARIS-MONTSOURIS,26
2021-06-20,PARIS-MONTSOURIS,35
2021-06-21,PARIS-MONTSOURIS,39
2021-06-22,PARIS-MONTSOURIS,29
2021-06-23,PARIS-MONTSOURIS,36
2021-06-24,PARIS-MONTSOURIS,31
2021-06-25,PARIS-MONTSOURIS,38
2021-06-26,PARIS-MONTSOURIS,36
2021-06-27,PARIS-MONTSOURIS,39
2021-06-28,PARIS-MONTSOURIS,34
2021-06-29,PARIS-MONTSOURIS,25
2021-06-30,PARIS-MONTSOURIS,27
2021-07-01,PARIS-MONTSOURIS,29
2021-07-02,PARIS-MONTSOURIS,37
2021-07-03,PARIS-MONTSOURIS,29
2021-07-04,PARIS-MONTSOURIS,27
2021-07-05,PARIS-MONTSOURIS,40
2021-07-06,PARIS-MONTSOURIS,28
2021-07-07,PARIS-MONTSOURIS,29
2021-07-08,PARIS-MONTSOURIS,25
2021-07-09,PARIS-MONTSOURIS,37
2021-07-10,PARIS-MONTSOURIS,34
2021-07-11,PARIS-MONTSOURIS,40
2021-07-12,PARIS-MONTSOURIS,35
2021-07-13,PARIS-MONTSOURIS,39
2021-07-14,PARIS-MONTSOURIS,37
2021-07-15,PARIS-MONTSOURIS,35
2021-07-16,PARIS-MONTSOURIS,39
2021-07-17,PARIS-MONTSOURIS,32
2021-07-18,PARIS-MONTSOURIS,38
2021-07-19,PARIS-MONTSOURIS,36
2021-07-20,PARIS-MONTSOURIS,26
2021-07-21,PARIS-MONTSOURIS,30
2021-07-22,PARIS-MONTSOURIS,38
2021-07-23,PARIS-MONTSOURIS,40
2021-07-24,PARIS-MONTSOURIS,40
2021-07-25,PARIS-MONTSOURIS,27
2021-07-26,PARIS-MONTSOURIS,33
2021-07-27,PARIS-MONTSOURIS,30
2021-07-28,PARIS-MONTSOURIS,35
2021-07-29,PARIS-MONTSOURIS,38
2021-07-30,PARIS-MONTSOURIS,28
2022-06-01,PARIS-MONTSOURIS,25
2022-06-02,PARIS-MONTSOURIS,38
2022-06-03,PARIS-MONTSOURIS,26
2022-06-04,PARIS-MONTSOURIS,33
2022-06-05,PARIS-MONTSOURIS,38
2022-06-06,PARIS-MONTSOURIS,33
2022-06-07,PARIS-MONTSOURIS,34
2022-06-08,PARIS-MONTSOURIS,31
2022-06-09,PARIS-MONTSOURIS,36
2022-06-10,PARIS-MONTSOURIS,27
2022-06-11,PARIS-MONTSOURIS,33
2022-06-12,PARIS-MONTSOURIS,25
2022-06-13,PARIS-MONTSOURIS,28
2022-06-14,PARIS-MONTSOURIS,25
2022-06-15,PARIS-MONTSOURIS,35
2022-06-16,PARIS-MONTSOURIS,29
2022-06-17,PARIS-MONTSOURIS,29
2022-06-18,PARIS-MONTSOURIS,25
2022-06-19,PARIS-MONTSOURIS,27
2022-06-20,PARIS-MONTSOURIS,26
2022-06-21,PARIS-MONTSOURIS,31
2022-06-22,PARIS-MONTSOURIS,38
2022-06-23,PARIS-MONTSOURIS,39
2022-06-24,PARIS-MONTSOURIS,25
2022-06-25,PARIS-MONTSOURIS,26
2022-06-26,PARIS-MONTSOURIS,31
2022-06-27,PARIS-MONTSOURIS,29
2022-06-28,PARIS-MONTSOURIS,30
2022-06-29,PARIS-MONTSOURIS,32
2022-06-30,PARIS-MONTSOURIS,35
2022-07-01,PARIS-MONTSOURIS,35
2022-07-02,PARIS-MONTSOURIS,32
2022-07-03,PARIS-MONTSOURIS,26
2022-07-04,PARIS-MONTSOURIS,27
2022-07-05,PARIS-MONTSOURIS,25
2022-07-06,PARIS-MONTSOURIS,27
2022-07-07,PARIS-MONTSOURIS,29
2022-07-08,PARIS-MONTSOURIS,31
2022-07-09,PARIS-MONTSOURIS,35
2022-07-10,PARIS-MONTSOURIS,34
2022-07-11,PARIS-MONTSOURIS,27
2022-07-12,PARIS-MONTSOURIS,35
2022-07-13,PARIS-MONTSOURIS,25
2022-07-14,PARIS-MONTSOURIS,36
2022-07-15,PARIS-MONTSOURIS,26
2022-07-16,PARIS-MONTSOURIS,31
2022-07-17,PARIS-MONTSOURIS,29
2022-07-18,PARIS-MONTSOURIS,36
2022-07-19,PARIS-MONTSOURIS,40
2022-07-20,PARIS-MONTSOURIS,26
2022-07-21,PARIS-MONTSOURIS,36
2022-07-22,PARIS-MONTSOURIS,27
2022-07-23,PARIS-MONTSOURIS,35
2022-07-24,PARIS-MONTSOURIS,39
2022-07-25,PARIS-MONTSOURIS,34
2022-07-26,PARIS-MONTSOURIS,38
2022-07-27,PARIS-MONTSOURIS,29
2022-07-28,PARIS-MONTSOURIS,30
2022-07-29,PARIS-MONTSOURIS,31
2022-07-30,PARIS-MONTSOURIS,29
2023-06-01,PARIS-MONTSOURIS,35
2023-06-02,PARIS-MONTSOURIS,39
2023-06-03,PARIS-MONTSOURIS,31
2023-06-04,PARIS-MONTSOURIS,32
2023-06-05,PARIS-MONTSOURIS,29
2023-06-06,PARIS-MONTSOURIS,34
2023-06-07,PARIS-MONTSOURIS,31
2023-06-08,PARIS-MONTSOURIS,39
2023-06-09,PARIS-MONTSOURIS,36
2023-06-10,PARIS-MONTSOURIS,40
2023-06-11,PARIS-MONTSOURIS,32
2023-06-12,PARIS-MONTSOURIS,32
2023-06-13,PARIS-MONTSOURIS,31
2023-06-14,PARIS-MONTSOURIS,35
2023-06-15,PARIS-MONTSOURIS,34
2023-06-16,PARIS-MONTSOURIS,32
2023-06-17,PARIS-MONTSOURIS,36
2023-06-18,PARIS-MONTSOURIS,26
2023-06-19,PARIS-MONTSOURIS,37
2023-06-20,PARIS-MONTSOURIS,34
2023-06-21,PARIS-MONTSOURIS,34
2023-06-22,PARIS-MONTSOURIS,32
2023-06-23,PARIS-MONTSOURIS,29
2023-06-24,PARIS-MONTSOURIS,34
2023-06-25,PARIS-MONTSOURIS,33
2023-06-26,PARIS-MONTSOURIS,39
2023-06-27,PARIS-MONTSOURIS,38
2023-06-28,PARIS-MONTSOURIS,29
2023-06-29,PARIS-MONTSOURIS,38
2023-06-30,PARIS-MONTSOURIS,36
2023-07-01,PARIS-MONTSOURIS,26
2023-07-02,PARIS-MONTSOURIS,25
2023-07-03,PARIS-MONTSOURIS,28
2023-07-04,PARIS-MONTSOURIS,28
2023-07-05,PARIS-MONTSOURIS,25
2023-07-06,PARIS-MONTSOURIS,27
2023-07-07,PARIS-MONTSOURIS,35
2023-07-08,PARIS-MONTSOURIS,31
2023-07-09,PARIS-MONTSOURIS,38
2023-07-10,PARIS-MONTSOURIS,30
2023-07-11,PARIS-MONTSOURIS,40
2023-07-12,PARIS-MONTSOURIS,33
2023-07-13,PARIS-MONTSOURIS,34
2023-07-14,PARIS-MONTSOURIS,36
2023-07-15,PARIS-MONTSOURIS,36
2023-07-16,PARIS-MONTSOURIS,38
2023-07-17,PARIS-MONTSOURIS,36
2023-07-18,PARIS-MONTSOURIS,27
2023-07-19,PARIS-MONTSOURIS,36
2023-07-20,PARIS-MONTSOURIS,33
2023-07-21,PARIS-MONTSOURIS,37
2023-07-22,PARIS-MONTSOURIS,28
2023-07-23,PARIS-MONTSOURIS,31
2023-07-24,PARIS-MONTSOURIS,31
2023-07-25,PARIS-MONTSOURIS,36
2023-07-26,PARIS-MONTSOURIS,26
2023-07-27,PARIS-MONTSOURIS,38
2023-07-28,PARIS-MONTSOURIS,38
2023-07-29,PARIS-MONTSOURIS,35
2023-07-30,PARIS-MONTSOURIS,35